i,sum
0,1
1,0
2,-0.5
3,-0.6666666666666666666666666666666666666666666666666666666666666666666666666666666666666666666666666666666666666666666666666666666666666666666666666666666666666666666666666666666666666666666666666666666666666666666666666666666666666666666666666666666666666666666666666666666666666666666666666666666666666666666666666666666666666666666666666666666666666666666666666666666666666666666666666666666666666666666666666666666666666666666666666666666666666666666666666666666666666666666666666666666666666666666666666666666666666666666666666666666666666666666666666666666666666666666666666666666666666666666666666666666666666666666666666666666666666666666666666666666666666666666666666666666666666666666666666666666666666666666666666666666666666666666666666666666666666666666666666666666666666666666666666666666666666666666666666666666666666666666666666666666666666666666666666666666666666666666666666666666666666666666666666666666666666666666666666666666666666666666666666666666666666666666666666666666666666667
4,-0.6250000000000000000000000000000000000000000000000000000000000000000000000000000000000000000000000000000000000000000000000000000000000000000000000000000000000000000000000000000000000000000000000000000000000000000000000000000000000000000000000000000000000000000000000000000000000000000000000000000000000000000000000000000000000000000000000000000000000000000000000000000000000000000000000000000000000000000000000000000000000000000000000000000000000000000000000000000000000000000000000000000000000000000000000000000000000000000000000000000000000000000000000000000000000000000000000000000000000000000000000000000000000000000000000000000000000000000000000000000000000000000000000000000000000000000000000000000000000000000000000000000000000000000000000000000000000000000000000000000000000000000000000000000000000000000000000000000000000000000000000000000000000000000000000000000000000000000000000000000000000000000000000000000000000000000000000000000000000000000000000000000000000000000000000000000000000000
5,-0.4666666666666666666666666666666666666666666666666666666666666666666666666666666666666666666666666666666666666666666666666666666666666666666666666666666666666666666666666666666666666666666666666666666666666666666666666666666666666666666666666666666666666666666666666666666666666666666666666666666666666666666666666666666666666666666666666666666666666666666666666666666666666666666666666666666666666666666666666666666666666666666666666666666666666666666666666666666666666666666666666666666666666666666666666666666666666666666666666666666666666666666666666666666666666666666666666666666666666666666666666666666666666666666666666666666666666666666666666666666666666666666666666666666666666666666666666666666666666666666666666666666666666666666666666666666666666666666666666666666666666666666666666666666666666666666666666666666666666666666666666666666666666666666666666666666666666666666666666666666666666666666666666666666666666666666666666666666666666666666666666666666666666666666666666666666666666670
6,-0.2569444444444444444444444444444444444444444444444444444444444444444444444444444444444444444444444444444444444444444444444444444444444444444444444444444444444444444444444444444444444444444444444444444444444444444444444444444444444444444444444444444444444444444444444444444444444444444444444444444444444444444444444444444444444444444444444444444444444444444444444444444444444444444444444444444444444444444444444444444444444444444444444444444444444444444444444444444444444444444444444444444444444444444444444444444444444444444444444444444444444444444444444444444444444444444444444444444444444444444444444444444444444444444444444444444444444444444444444444444444444444444444444444444444444444444444444444444444444444444444444444444444444444444444444444444444444444444444444444444444444444444444444444444444444444444444444444444444444444444444444444444444444444444444444444444444444444444444444444444444444444444444444444444444444444444444444444444444444444444444444444444444444444444444444444444444444441
7,-0.04047619047619047619047619047619047619047619047619047619047619047619047619047619047619047619047619047619047619047619047619047619047619047619047619047619047619047619047619047619047619047619047619047619047619047619047619047619047619047619047619047619047619047619047619047619047619047619047619047619047619047619047619047619047619047619047619047619047619047619047619047619047619047619047619047619047619047619047619047619047619047619047619047619047619047619047619047619047619047619047619047619047619047619047619047619047619047619047619047619047619047619047619047619047619047619047619047619047619047619047619047619047619047619047619047619047619047619047619047619047619047619047619047619047619047619047619047619047619047619047619047619047619047619047619047619047619047619047619047619047619047619047619047619047619047619047619047619047619047619047619047619047619047619047619047619047619047619047619047619047619047619047619047619047619047619047619047619047619047619047619047619047619047619047619047619047619048
8,0.1539930555555555555555555555555555555555555555555555555555555555555555555555555555555555555555555555555555555555555555555555555555555555555555555555555555555555555555555555555555555555555555555555555555555555555555555555555555555555555555555555555555555555555555555555555555555555555555555555555555555555555555555555555555555555555555555555555555555555555555555555555555555555555555555555555555555555555555555555555555555555555555555555555555555555555555555555555555555555555555555555555555555555555555555555555555555555555555555555555555555555555555555555555555555555555555555555555555555555555555555555555555555555555555555555555555555555555555555555555555555555555555555555555555555555555555555555555555555555555555555555555555555555555555555555555555555555555555555555555555555555555555555555555555555555555555555555555555555555555555555555555555555555555555555555555555555555555555555555555555555555555555555555555555555555555555555555555555555555555555555555555555555555555555555555555555555562
9,0.3097442680776014109347442680776014109347442680776014109347442680776014109347442680776014109347442680776014109347442680776014109347442680776014109347442680776014109347442680776014109347442680776014109347442680776014109347442680776014109347442680776014109347442680776014109347442680776014109347442680776014109347442680776014109347442680776014109347442680776014109347442680776014109347442680776014109347442680776014109347442680776014109347442680776014109347442680776014109347442680776014109347442680776014109347442680776014109347442680776014109347442680776014109347442680776014109347442680776014109347442680776014109347442680776014109347442680776014109347442680776014109347442680776014109347442680776014109347442680776014109347442680776014109347442680776014109347442680776014109347442680776014109347442680776014109347442680776014109347442680776014109347442680776014109347442680776014109347442680776014109347442680776014109347442680776014109347442680776014109347442680776014109347442680776014109347442682
10,0.4189459325396825396825396825396825396825396825396825396825396825396825396825396825396825396825396825396825396825396825396825396825396825396825396825396825396825396825396825396825396825396825396825396825396825396825396825396825396825396825396825396825396825396825396825396825396825396825396825396825396825396825396825396825396825396825396825396825396825396825396825396825396825396825396825396825396825396825396825396825396825396825396825396825396825396825396825396825396825396825396825396825396825396825396825396825396825396825396825396825396825396825396825396825396825396825396825396825396825396825396825396825396825396825396825396825396825396825396825396825396825396825396825396825396825396825396825396825396825396825396825396825396825396825396825396825396825396825396825396825396825396825396825396825396825396825396825396825396825396825396825396825396825396825396825396825396825396825396825396825396825396825396825396825396825396825396825396825396825396825396825396825396825396825396825396825396826
11,0.4801341790925124258457591790925124258457591790925124258457591790925124258457591790925124258457591790925124258457591790925124258457591790925124258457591790925124258457591790925124258457591790925124258457591790925124258457591790925124258457591790925124258457591790925124258457591790925124258457591790925124258457591790925124258457591790925124258457591790925124258457591790925124258457591790925124258457591790925124258457591790925124258457591790925124258457591790925124258457591790925124258457591790925124258457591790925124258457591790925124258457591790925124258457591790925124258457591790925124258457591790925124258457591790925124258457591790925124258457591790925124258457591790925124258457591790925124258457591790925124258457591790925124258457591790925124258457591790925124258457591790925124258457591790925124258457591790925124258457591790925124258457591790925124258457591790925124258457591790925124258457591790925124258457591790925124258457591790925124258457591790925124258457591790925124258457591790
12,0.4962122235082304526748971193415637860082304526748971193415637860082304526748971193415637860082304526748971193415637860082304526748971193415637860082304526748971193415637860082304526748971193415637860082304526748971193415637860082304526748971193415637860082304526748971193415637860082304526748971193415637860082304526748971193415637860082304526748971193415637860082304526748971193415637860082304526748971193415637860082304526748971193415637860082304526748971193415637860082304526748971193415637860082304526748971193415637860082304526748971193415637860082304526748971193415637860082304526748971193415637860082304526748971193415637860082304526748971193415637860082304526748971193415637860082304526748971193415637860082304526748971193415637860082304526748971193415637860082304526748971193415637860082304526748971193415637860082304526748971193415637860082304526748971193415637860082304526748971193415637860082304526748971193415637860082304526748971193415637860082304526748971193415637860082304526748971157
13,0.4728833242374909041575708242374909041575708242374909041575708242374909041575708242374909041575708242374909041575708242374909041575708242374909041575708242374909041575708242374909041575708242374909041575708242374909041575708242374909041575708242374909041575708242374909041575708242374909041575708242374909041575708242374909041575708242374909041575708242374909041575708242374909041575708242374909041575708242374909041575708242374909041575708242374909041575708242374909041575708242374909041575708242374909041575708242374909041575708242374909041575708242374909041575708242374909041575708242374909041575708242374909041575708242374909041575708242374909041575708242374909041575708242374909041575708242374909041575708242374909041575708242374909041575708242374909041575708242374909041575708242374909041575708242374909041575708242374909041575708242374909041575708242374909041575708242374909041575708242374909041575708242374909041575708242374909041575708242374909041575708242374909041575708242374909041575708239
14,0.4174433946119834016659413484810310207135603961000786397611794437191262588087984913381738778564175389572214969040365865762691159516556341953167349992746818143643540468937294334119730945127770524595921421318246715072111897508722905548302373699199096024492849889675286500683326080151476976873802270627667453064278461103857929254754651580048405445230842056238881635707032532429357826183223008619834016659413484810310207135603961000786397611794437191262588087984913381738778564175389572214969040365865762691159516556341953167349992746818143643540468937294334119730945127770524595921421318246715072111897508722905548302373699199096024492849889675286500683326080151476976873802270627667453064278461103857929254754651580048405445230842056238881635707032532429357826183223008619834016659413484810310207135603961000786397611794437191262588087984913381738778564175389572214969040365865762691159516556341953167349992746818143643540468937294334119730945127770524595921421318246715072111897508722905548302373699162
15,0.3378699006540441725626910812095997281182466367651552836738021923207108392293577478762663947849133034318219503404688589873775058960244145429330614515799700984886170071355256540441725626910812095997281182466367651552836738021923207108392293577478762663947849133034318219503404688589873775058960244145429330614515799700984886170071355256540441725626910812095997281182466367651552836738021923207108392293577478762663947849133034318219503404688589873775058960244145429330614515799700984886170071355256540441725626910812095997281182466367651552836738021923207108392293577478762663947849133034318219503404688589873775058960244145429330614515799700984886170071355256540441725626910812095997281182466367651552836738021923207108392293577478762663947849133034318219503404688589873775058960244145429330614515799700984886170071355256540441725626910812095997281182466367651552836738021923207108392293577478762663947849133034318219503404688589873775058960244145429330614515799700984886170071355256540441725626910849
16,0.2421528812775983844932257630670329083027495725908424321122733821146519559217971916384614797313210011622710035408448106860805273503686202098900511598924297336995749694162392575090987789400487813186225884638583051281463979876678289376702075114773527471940170352868765567178265590964003662416360829059241757654456067154479852892551305249717948130646543344956043368741781440194138606837019535432233844932257630670329083027495725908424321122733821146519559217971916384614797313210011622710035408448106860805273503686202098900511598924297336995749694162392575090987789400487813186225884638583051281463979876678289376702075114773527471940170352868765567178265590964003662416360829059241757654456067154479852892551305249717948130646543344956043368741781440194138606837019535432233844932257630670329083027495725908424321122733821146519559217971916384614797313210011622710035408448106860805273503686202098900511598924297336995749694162392575090987789400487813186225884638583051281463979876678289376702075114750
17,0.1378219876716730319282451246347916126938847138037925464007007735610287742251638921417944138143328930755012298740901293033256929926708949429148619936046017589746192298324262220931999954720153910941337022880751483303615267511937290960011159201946628028171756774308906272802942581965302164492951919033462762065314197278093947872970593169783957210038753767356319488283384953163975884175074962501044044772647324779288675958454981175180365967792049335777938330070293966963745986466185656973083054626783229335361299257969036991757190947978374059917788520340652304548974327997048196238983665065208793811345943309839979619002339201529988956070499799102351234315130984910007630206820994247075790804393356525320421990201012921212111999538081081809684361816325712995492018212217403004829086372814975367107331004000783023503222694010120091663820266372398336295006074028794227985015411096954825557377689341586011365034085233276020702102245830848382980346877016656039376238567025993107536836139388271352168021947385
18,0.03163047772876169717641645919129752169140764084914584620639882250699417072139000416484249523638118582269081975137236748053914426636354913838746878135473079623579329634591245408411781133709411193244232632827576978076684131945742762909135631063908547741587130182074332574038629300240117406490128418405902238941627536571687071393126654737471903844625772903256736296124891069041568747624009234826401199123127400611233650622245566396066102121363732180898553620481897965731005119600063750563456618718229535395908117836395320228359616954561105060811116072726889893262615190892674725714114309058459558165613427224244390617112545390029223068611663555814055520110781721598887971609899887383720423109018053168552874608136218953385326107254384738217777606372550523050229105490716307882680604608882092715132103727047877547583602845213662380035101963379447212486601081545232044938100199711016877389599317876801709841098436042586542292597554208371374744096672374156207195595790539941039647094908705725872098594026548
19,-0.07063676736077334086091682697576517092627630409994817746222401651824883105699525834831419053411944135485013824653774200844490948836780736792203367137434331563445197202793808687628203738741521105928857333512762935994216810636945942530164523055246596124935764885311955602059947891847903314478248545442674556308313904919798739314849852632217039968444623874047105327921748057053641275634166357707236046875996423066713171059002959014425589359656553785667419425016030909850425960963743328151079555734985158216439032859168164752386745277468818347157987107534177824282170114070125536700470767664896778530536127142020961537072074854439262190666846096269327550143970279275863497856388579929458269098218645288935393281225181236647811581878776007889641647238253132072648183185965550373301777957207380438661255081390386974608967499691040569380209329756400046504392336292347758922692989887119000752758349364243183759294297076661484412889068318491549772366192501498085720078610802151680491320440867511157615503447815
20,-0.1642588118277929599533376074856864703667622365965900910743045127663172411936114948183973324893890651057715414322254589225575150809442056805199593178982465561294623783816991964448477918063283073484684993486044770756186186555865291557099144331568165299188572695506333158925059882973912783367429423382668878398034257909072032252168504200181068459243926961878339960436996782399140873394772485272882962823136423440742699310323891020367141679864299776462172284698826179616026418945117288652233494367878985923734687437699506724647645213402380466737073577340548326473560764808127950915930305216884045946535139743287199800669386034396236007744808796093507508937878616614308421895654319488050511324018257655910247811205725235534690180746133991629720785580660394783574919826951503819781995249713201091283188319533721892196146095236595634285574459174763494022061646642343118464431187051099213495036021577502367349170267868611403556245690630308675057438760450829475970396536153703218059824900091871077796312087587
21,-0.2456008155188691229007222742815312093402363515173638139870333419184625250764073631318861661377701798635170901122982627015905911176386704696360809184972855205947359854623431485842033773573727653691889765353155474202810182902891417963030320340582543796079589430934734054899166644536224033606699040210543143966892500310632562450335260130609936115850849082239970845792208341993254875453455556928611734246355432928394363347378558227896880403583756356531050120853380255473343087422724042370818126821199481929357591989983044737196777046721789617865093756121598924303718588770707950630298603492646108609539682640354574712030061507950995996593269507200078345582247814572409994291114077126814472131633000745644720280275173664194856384099419411876645148988090929866557163176482335811651250194005394417809762981836576273267995657622940201555359986070368555613032437767096629558660071536653835156948769731981348878486767647196817782097594694064947750134192049056327017890677359229779114778815330467656981975076837
22,-0.3120817819731295910368293528465861324812690816000403761315911632946710903701485391069488634322353266839325188472632907315044095564089018378998296773192188266481909747001240506906699191398528041449135694619344987756278080193103110534008701060978880370562851340619356089469942796730420043671151899900307527284125708952547952073570106240082494510073327057028801652458900815151579383079768690921415937230048331397134844321504442461089045530607612348572658504416664588997447948813952123539884452034769069847026837608527192624757458476402962461311608756043438180218700212154502134419909315324389618032883124376630042822327521664164585258830742481110892401216316239233670131837184115003506685987463755479225593078919866543179794288023036430663407261832088671088196706229376205630633209450193151937775595023951274715506215891827044552060366171467520270967457627578584225168666730748471708781640539800712133571084937088246676007588157905192983149973731663315760880594599539085597434744879179561316341836334983
23,-0.3621034984957644044262870213502653575517669503052075061771859853373631488958945100784458406951048007432893411656096962065739572127800404580695098084828411704102700524623438678929131365344053280110451988064424305600626587157953289926509382573489337947435412674203805162125905081580067529660143683086155740575212877699051892057813432682183094082369900465216865830467958797513821112849295658613601873247926393784750311152342051620616810194256187108413646588502559838933659209761476717547692047802758716122752775260676934403086916431906564204551248810053743634562652190514892130461280025975431687132042802368866140892076069567318253889717423478716414871769933156769063735931808320146277208545759966290510532578540013360331482966209842429908857662733647872644191194965649637386588422240886087307404843280584843890016417164029794602453834428305338421699192260112242611179600633875059600562578731179467139208740362767153206657727472372133148178082259482898012363155107731161354200158293331756933279884655076
24,-0.3949533310592992504067553277766968916796704515516090263801649404058862404457387943395285338763920133525359066721245974449083588329365466166458903588278608677485012497985401982161915058485846080489611269779940972468101131867686658097384644749083137377461808424130410308332622892828476889997088155177337122455204211176991005706971060827438539752388704128679724591457141080714560224176371683543046650546395937165183870567213841580971884238825396790410691561230602793500292534429459590240687158421967180631875433208125564673857358787934742366632935161394713710202162328505478704565040289267037349721569043679389645671748591742535592415578933456475189953060068821208438284191997836735337408974720503055887327408236820170088039492546788077939545227650406779441844613547676274594937650238596563398824337723167645853504676001389521958978665073262191715246304938785655122307595597959912180162537050784962888811129297260807248253372337387445258489266171164876919518810798593102231342006219672121193958852433982
25,-0.4106910370779207325317346888350032887752709946860901247198181396554329587157597554565867779753720569233111732914939187359130500349693306642133800728059653424832631492493470673978910801562533325634019729435639333762152649514323225217529510647689859335188676007094734836357767075913810800320671322177777764161787722868732914581883541413786226005511207480456880018348470429358687362083309800133591770731070861323792732782802206279673879952058822213511427072600299918144248824733544764416334978279528619335358167509351227146842689098204403707566036652226256434408005567836222667522048530456297291818651473590316624433364269361042813703782825696864606432976196306221900319154099859191421705027533798228413557348416281900650812178128384376931423480864479058789918110844514795331155403106854757910634078879120429904313217445199279342883355889490283208441680912760704928098166939562974169371995555574840292876977502484282838255056514306647074048432079532981593607487829876841384144499980171986036452307405304
26,-0.4100276375928290525545327402820285441066072479043954067879532104855573817170968428592740596868770197058523460681377307951132127278866487613277594103692979011711779314424557082496063985230019779594642489510901629861734776116307492632379208217592866627803407298133710927291260825960716067927167778055979236411895417846610407169996175000128761787147798877148111005038269017310398557682930689157823933572832486040770764421529395171515265062781007342896310176894227925757889533690028787107675767439509671191193174817862393865219249431225062546633786676017114575590239237660544836999093049659189647995897984135811156918249949018798110569217998016590406647011849799264771494342501809276448077961872205193211333931342061183859216215105750649926251667383222440517299623212839726987858803822223992713888288495262705726078614316354843006526967986267667982343323929553610321046863731890419383251398134966074708598870872795921565631481433871008547699613449904890642015543135731327439372109366030625845140156129989
27,-0.3942025996593026550744666883316814364957974455255636263058627894151009971362697106226294398651085757295641292579377820078573244792927088266479854609721626650494966872046175213568283199679080076756922092194083780555342202617614287452887094462033063775217466789573698610142356258377709434217602595640322163896743738275432792359660334194379768029199783226660107103145546582844994577235049667879016981732572106655609951761728562431380477944854926084418926863366372380283695789215160483510164091540250325897138249455026391673092261254458842815860739044259529282817936873874316376606650992237560448463028031915331404610426901688532910862999349212748939940267966133333285533622351768274012434196350959855860624939665327857176226909413371851701780600053744865865248500930010412028096937702867552423914998181352945194220158921306317534238336376265606357865523726111459576440169393691277019459289576788519897494069271140613615489095007011837798337802419525807109296798499304857439244173612930403962945486157976
28,-0.3648640773784271055374577565105723885676666558914914227586376409037644478213196291579139336132208413335160584317471963198656706510309557172550611004473478778946791771465372153760484470766421074850658777203077862275772856650388186477916588538384930175394686056691768925386542701837749129061321791323784195260820913750531778351134332910465389475849918734165956658350937571651748075473341194935916814539014879867933098419716025059415487583109957510729345565915712662137734114570996030630057686510955588438687491088897875570930799039203600832048845290626874561829718991870656204920844330001076561468366719705749807577510859559758150044038532537160777760898222379280306731012837379869020476486871510428563133235560430440118479117873814730138834192269829173669868900838353200744465961884100000986300932586463070924420214114605728059737215310325560992909590539716833516410850946367415560821924553660573476161079538432259034441468988004357511512563125248626305985980510632730744862086507693389863581144177840
29,-0.3239557083700497782073298997001715013071380777657840737213637857582062468337361150141226195212871377327277121708822447480162921047426783800048216799252043634729698854647170159678455199031218553187692170411655670065299941349259944623534148731470010486759081002299155128884841933390968519632453366765617046396453327528195220744587354673911320890689707543683123240675075851477173933238817800544788487092166009870592236626748195008572893868904127249555634466104189049371366493722458075068918478671948407842987190215087657418122118312777725784504642863304763984260759692285375480364863955083054996043577634823886548112022582347156375803523311866345973664924048327805695930872173922792855121578171645104670274582094997401575878521977903897935339929848468189009851738651982334651840676201010640943559733647036189873426466917977375185745194442854980606300082961828338233747686550800672926247160926031501983971948777940321541207848383859053872111898871282774968100156917755065979773792526509604186140360743539
30,-0.2736124280496167025146286414601115935783891829854075005279535995922264443179475141746535952483749863275413870463500500702946831065059210079960961840896254874162185739901335893409878396386148830473901378166225695259666125179860646010179985293736587771519360082976323287970369792779381646530132110800534900947682883262330041033439030556112010562011846474760280162232573660259179797970817925948538154323806568544142995672654352792472623482875020422102525920749576588718165577111456115524186628471843186339043993029901524623136323000140122379061759088116564959802073712943424930615254127492865649598162264943955845691649828296736114844241154822346797249984878467120048959707126783526133441113822720454751502064341912217598835328545926630207450811846203630871506757250091086273908210833990571537457916884022331861684962397304054901361401122871586879034222871141848186048371416726132615283317388455682808723390750200104579708420187056625224954193463406359509207188880714821174195981927148291225076258064885
31,-0.2160669171572744775696071450516629217899744724564815425818162065415290081956376580663076493310930660538919954082108277992642652660669325509555200208910128497027102540473066090781904768136528168800107018633028116568418363558510981351766924376777256506077070158374346561666997727904317522672075020808502666611850747415933736763507135262883258290323211683068487500442004647459211931647888436792536601505271413436477827146994042493263567513076690575467178105220933027159643219839149183205923978972649643388807221785208443704661800987905663522856976109285515421300052645420781658902236419260654486922013124255508203165752007335144374727379675269368665324237782522355872892137496429928462994176910124972418770528956929387375927872690918737883446800494134586515963008885354681834815237548681131094860742052588845661235604396739420597075104325375670792033899464956798198402312531598315133212394049238577709814354247541826727299024506697609591415956182770913597078278235814106163178875478503527352269827790551
32,-0.1535676123191531197300673471231138046890110193673194726158138505692430854460363081467754001821295474746100224022568678554765396935770708409801018621395127053645393736637146404149120791765441647528615388502960833568509020626625025546686555226698615076864943351466983278008512361059589230101079870478455731267393029957989387728151013720602802705552246363521173124943578271076142688283553980522893328415275750256037263039417053062990308057550911956055835593139405419801085835611628430547421912927410597299865123961124257699118926507681479520819312095127763823960593091088821562589555626308804470363180734080589918119858743049379114778939502100253329229787852622041956298800120261445455280138747606693520850275022823227241988528809788631635710201981375993967906158629348956227105943505141325319380330745494254477636676196294324221139157292633512370501276806935131079170120720018294599543299750333301591814526565355937972549327925515512896694040186443734319794699853697347678656713747675677120730166350039
33,-0.08830866179978837516657216891594151523689460972427384499375660082129179412987632312944790403216099771668174486914221373254672884469062703612575389419443642281344823590799774230461447906854352739463018263009876853998542329161106130827696349833890653552997008916941769642182079943901681818473548801439115596828463636364073102475586833244337911474242725274898024237043897160660106132550007507910303566790594783763361929036024859468771380383274020234128417755712754544897245589179225967407707606130148375378647526177358270968010201478373774727579617754860724621780688841278656642684846868915921976284590001509543108596028884980497986235145007817095691009337432453120385022669033628726764277339006917959979927477223923074987143611429416003762168276059320256192478141802116175703240237203408674365090127887511886487638768444598573044394766156522220111211191747039650520610219718189324275143810438089943988506170988315628778663091823839187413063022449615079200107844572902683094638080163372866804271562679214
34,-0.02237177859570528852651590274674660149699060596119209333135525251235989978978350463823451353271619948937836535555616079756936158416288372446930575194790837143111130114780199583566050016758574621179886092725729331949876968171963123653570466594889416445069743603942715136506123445524898649585231283443859943307026473938009612149967543127275801896111134358273013776868128916130585812197872998515448147974654651290870309216765094533885571950126011469236759592383470924378231856882103875537043257016008696059860171192195318917041986765817085004408287659666051856780286572502359493019015784310158094556861701559858005523074153012287035719692200671903440023125858136238230379179898035851947054664345481661670430080566095822332213642562094347309374693119442908802780147389838589454967479374362798608836449840078839134236928604893494939827431169453160149250509088706578771592195993954652479711840332469022880665103490040352013249583675096091569209594710240085343378435002689775008511698648518698801204948381328
35,0.04232038733385271816743921018180693189311587215040709666444477877381279470601476202860805191053635305969858518208618093348206265704014931326750975057580197480976204408061107204377080791241854825757439046771034813238823010165260458277110976168565768643918735374511872530050694965627544961608712342135641547065427525959823767370633125647220984605391300656684796778070278204730393522206996896282852777388677324576432130299566251246685944012078511658636187183204503761965330964688874838724089060895327240880100692827454272187242621433975616012512669794513517453699540962094682295028334863144302764680270409864403466191312562414326088658738874859766273506997552861196954999614687912536502448924306927361306522535631967675170638716982220814596464064396993454627291622821797882599210841927406417800348164544286945127188770913816966502890192279969731246632740039065736035213661223700590192413840351061843992113793607999641187816383774399947009654009228302482555826661008451043561111406213011598653237046981375
36,0.1040399823394270936152444808017393412475772849769505564752380097805414478350960001205769890939614360085317708386249525905186678177364272856986495516245258676881177396059956915920020572148555415400879851442702676513786957215519281686868707396168703835143756950982850296892397133853610000133591552416750017528682926125050000392203285568778116635392446523631920157375844406654716805503931493577334387767556459765363083176545599710983364164166406159799499134882602071363364673664152428762452078495092253399172651360135097820009591769949697488972713760289605657628549714956139841410136091308213130103080800680842424518609652012313534600835967399167387628608982597367013647900901625367703662049871046592916448973094586364009922743551190997715501663241583454533354774322695006702412835313947631103704575729174570912781962403162388828045204307024282756911276724553699387418564292909594861830231211696513556309011596420520010030228591212109709994767946776602127572531932460319929376966354469351010468795785543
37,0.1612795887681095374667511094913562978830646789439401239539763423876141522894697452878825228644841806071659036169160560246483737087453348457479031539523511183890011801278294919202270009357440879355042398256726145441429677916822990044782362657224592135466028462770877845082975453005425895887222360603180856557557610474276607181198846178973752788347228846957648187297507993030005224765888613809454214072022344179215846476563369586560346523689151392823612536540841502569920676511865552742968352227661193988434281182456531436935599196596378420567291337313593095025330594954086819443994407212752849042509301986724380731112695140405420867262964952564684449585285316489620125682487582198466347336843524761872455268500949583191895625798642078458617543826076548371440375920961300140988246261231522577985839463273948736822208587512186924563513997239387189452271892627829896415336450923478523218562756170982099530788593337263039082093972417083510401861052595308540114765392073494002571365274458149124381079111984
38,0.2127686900600342975993562187551581688733270183606420679739590256527214131453212933379462656709277955951210880690174973677576038208133412898551263153254348856927823937904616266629663671656686176380015341253098308727781019707123364234204017446746783582214923659438934198713723409732051218176620190663569282544684076538674182023610343452612299758636168771065392632555509169420943811290270846303637881419212222577461541098250056844712662333653688819904364729299105119729727293060642395757077135803381973141440755452020650184023143291052452527104977627118170518411003278242769750175803967245784868824518387416485117550362692524589483261750752966331402816073125192569799587583440024844249321238978739695806659943804488781258766705202774918170108860610291493730327925479247920064311982018817639998260074165863502177681863856812985415263880958837268158256602138051908815796000487649536863959344450628465099522234916826269066340960423263582118419244838455751401271288355589650494824559873540448626759326581822
39,0.2574819505480626716362700119159097824311896306548480116864047420224997336421684095575482133882080410809461116872440941285369151140895183048863917978088130465094722329030144341901748171546805025368962943627689177859923839407746206669173731922518488489759618372617067717668972100652043808659197045833599818569456426126069916946380255066603389120491131549143056639920856234380808490178379922931210739823673841976330127111733237843817158191217758907318831872773846461584674065773280283930899100933484733004846018703082595368774515914085231078933877662642677481750607347133210304474084975297308763257642153029675447847314928629061403459924732237018682177879914682274338561036074711913364800393905904511029560398105258031137800918334935764089764275410031915010004821831443910757183519884701096971905224025672208038578916071598045857093369768629119662264498219797116254787519280160836353297558808032462250808202234153344962994703108107258143707484300615779024929662310923606807921914614350369971980200361062
40,0.2946403307601887695313542099497448610893259368753276065138791969324711027855401376327214070778510794026018569228339236170833207471815529369197158482848864271430080202151780606744486854651000777498962782352223045817264992630659822876539860238332938562371705258650321205708615271782735489163229553478539595729373056320629010572421412513579616520287441969040202631104048216857156339839826774569814008272432074840818745297086008371848612697562283269864966540842373108353630317523770217802103039411997805546544999905290927039687741323690059389993708255713004833962956130623059587303056833765111841248496770676794133690660485615194990566646243720013312501194536567679405596126491664007918272560112242593096149331095876598991414253180419194759184197954528027882439675229048903913803681306819940096911614538343891051989069079223528641449787113960446887115584444003765601434562120855332446569878836300547917041815312693410338157234648127160814770830668706411482373335359601124042993787621281284034271047283500
41,0.3237060594851852365135984468132487217048412127763972696013206359438463140769871860564825373341406026578122947887061005908582696392913049453200389256204485929527256658803333533255829792931899053296548898611470159780103556930315550325761940052826720619496382580179097262193422871135050897236353230364370119891989938063598150437524458498103262361057319403841315729060722145691223599513437684105772952898722251419812061934086613560858602150152983056010830447717950980607401530999278196754445832088303295695847786446340740205464357788580378244930281803691055791390541379622350117201979211934551140721318427633085677594152236684223002608163663612690675926350398490814119640211618162051191946074457151878207549525938044065214661061488685488223028410242950381224267832806491606897974480711159788509188297610746901527218753255462450171518248252967584499479678700693087754225956060048613209602145233725496178805295991447293378848552378680061937399197109070286770553178934905991490795766466548485947865262645662
42,0.3443724599194630915078464293034965684555860960899081961961725017420019652406143717545235802668484562484269533056597471464276657092248413119651152885999152645061946612705960591677478142374397392687131800230938291034776832629257675923198686060955728803368177523095781096804939268809095678992584599934719676339020943144506164343041135328278648482736073104389037664469362834655641076825452198555023995202988322570262393367013713541538387040773595155438677822341301975412097202939672219142341276555927624277408892678166968767163808199816632883203358795676985159560552185083030155503261076053895429713327225432487287652461988044840276205641057707621181271708492308854813834670631691996978342931925821611811355679809254114022719587182738644027661369613959098028807990612888254884951344874654407470953909714503485526199665111898958089644168692165800156799873601254257290183603570688515544714544687551624334840948654244005552407968439965511558598335845876205819239379117110600392440656137724838150472347593107
43,0.3565495845315609244904177975659829171782767705800837943540238008531772067204219863490166087065433724009243650360409891972994556912709735465494895201473032863838575251106062355910774712937433040634046918086443482236207082553125387531783445276780440778234391710988919235337003209123067426777913272539835064581725158731799895033475072340815568683381923855984741934764561581210289750552874463864640734309411268285347312595291027161236353979501318714055675773779428482537332575464250747541161448441608884187831161726039867158424578178237704090744425653066102561969387107042693677669553569471536469433118906412542644275637512907656211435604069202492345067832479472781659005196397658641770210957082991546684576674757662670671922807926168734719915391101596470302340051944417812107464762316331607213353951543416812094362424015583478426194040546913689864954485513401114574370524311995198859365852417159665223646912914318840569549538350059078361662649592387191731462193734214855589571928464508139414635724781559
44,0.3603465566631210584395121393323676916759454576822989517729688476924353471047698372857025999383692365408440091126399078107128082716508079224717304846107210512555767437471933117413524208875458036567758353306904385404963756738879619614450745299591399281439228492089283342644770168768015556959531900937110669805692343084568770593820168231685386863936234275589981518581129411224826187364835439874842530838201618227695135645759969399549449988269291311930112958735337830806600494625446792395891128956215368096020398256323839059919772062189257677869913135217601328824171528343212718021395016005332565763071710406402591787476377821143234241349647045150701844321092394965129080819387179257322031732643794175158756813576387790336554982563471579380074653212205800699147747065130383663387766581690424979486857159322635511104156034739180609045187119805634582811163393149154316317503120272293942789497416159349155351675420430182959720855799694630501892259626650491788146712706970949177914491682398453390644576943273
45,0.3560514503770216103355263370743357447030893860115249067654269190976558544338039618174466224775240984434133497850335191702566906108744058028741054168724912868800227187752519348273689844706516742890326015448979393272082199126308654992737644315237860944985308267118766395509147414448231160760236073126955468917889315716507920684072702697609533821279643701968660633455526191434043454750645384420932231203281035544042004058534935823687822752658658045142226807164775019540849115702495218645051458149248033070782754013572081828939077814004348792439947270316453426886090261873871052631608985593814691824290636302478927314886015118305140223826442112524412873680600754545296952965879439875698878008022272430218871686786332623112271887040757214617117606093419239293823099026157556214437198161559259573494879158001159840560423874919440952076415166193188649541889244610589745858604552359402603408405917044387907344072639285047008783458288233956361185828112893485359390537642399775149229120346949016980727797304695
46,0.3441094670454673326178113927550798021274021553333432343283657515789007886810372583850778049076207220775917624040048016052396909294436992553791655589356906198413280700249777196978771665743280330751743815034727131549218018872134697102089227171517272117041575258623287503843665428386524008809615457375130696985953977732176482279231210268674252935609508495122397579887968124433624619481314995728608411316874356059076070895846643503308234744938285109259681076124772812443030394675640522179120226747883291566294129123628578411046244792649452082944547027036711926579574017243561357084392021373986017496694136933369278867463138232522110419209688545552512513843585002948824285436015793961595817233761603931251182504344184467716510774311128874857330981605618924021357180313550278140149963877484005163861533740230125818494589721293186049561824881872465700701471289635676802021451506523761019157155408844004340655242252528173860936363803365167389599409716546555475620572087006240226618884902553937514923821670462
47,0.3251000904434042664979667367669765433910401390242006775957449120588660266957541601664811365432978277179027244905723375712817829235871843523973272818287008048706624974177949193648026816848553622472456048351954127915154820775025404334601643856992498538265973266082536088514817837168969689691782185418554735159252285710656851451530362141021121580791727048100046557675294949828243959015984934546150876719181130264022687994154982008823781913021786382454217571785094635018717808252003148570355186934890495805171344569138584035852275350628713769758739405379162544862992713621480349589575587853005059271882794211828574453656425998936121452580319340738471469878769905578897328163468059791163123343341341061383844527819014263122435838994660098180575328242971404307425490077518680915525224708442607121159503464534430268845165023674017718386655138029365246502307519029683776095270833864967957567481392119288417073509485648507080895880609592200153799948951684739940960168094769881786902082448410797239564104658648
48,0.2997138239696465920369112040959800912243723284918277433451423210276056133623362481573035417585796222465842347734494595052962941902779471692193329837900086776104136555437243665519005260288122186814143942467739850858568880538792859242799184281166314022834321872009664159161262532494094217020324977764854215554789122987280195194166399138089490429599488401055243545140483821572386979830849563501949730827290239792532444569703668003623926391915594162822738357706970281394521779706941487983223685723524831293130881681010077376061257868845309301227662371560746222247527838957745189134451671950106932275257462917573539414019511395238671392493638674759338125374080749704616821497359485503631878839318555729193245998141888973975686718184895668972490098320317136997796012344789436114006725423997017222656275830737927745879162402595373358311246115140717609130161586998197192873900782847712918978269721740518899877364703794489461254243302989665565542144682930780147835185683730741610785586661053747444116796202222
49,0.2687290359143401641559402495591676464238738135113026701334266742821340734977159211246948051988846531676072604633403246752432379986632261087751889166543509064654675725743547563157535056712839919499590370530800562091738390500467246515262097670537269721537309855938082184301427488475969382219299040108885253175829512095252446305439121111991372354358122208010227460511679373044764082265189413019835348508146301375714809285145163100497049016303087617820008957024175602713788490934086361530865813399666122561068165348128885599611664052632070040192573392074119085353857597675764926053219026331959645987231475875903841019803360122326094366439469069825506724116955030690941696161225382415772049961106060797063817928292013405546714381102169377728396605777302402959836605334263044551008874585683030848149924764350783891833299377812305957455513886287742013150709213028614474761662757711468944054587478884978987116297066390666293824593629113924222645884487356885245430403205901976915594211468111050757880314525810
50,0.2329893629018530615494699091219080975909077925601620449832768069859292829604336822102443472664058904068576804301665660482863781709075349473644239525283192726141110598128854431580143556074806499141336062621984047858409742452898801111970510838710060911835491883069170205252760595568687656469907640403857964980932503179160203468377606224175389193534420894665907148365217426026798361005538677286966546865222315699719230520574925033422768207876769451360933965214553305552394098118006610376937782254291265552425340034942739946698828831690454163574334724335742109490983609265908969712546653099536112505221379057549459773075464672425246993577593475593841816402632725443721239408589453741353976661235694547635702061273295080375387203139054224754617050969601915543439654357261919928250803272421663584170702224004367237031687625968653785467786024286071088827831702277851121516436237923720469748287131308850292868124840407106263867045076133419222154631805947330536165108313511747975994779549664986990210956284881
51,0.1933820489111430970029407536124005379979821290284523723854185683232593062972072973488175385626736545550079415656792229620877630815214154764251558709826349399634848500504079705885051034741934390963805641875654444730471661181696427165371494124394953041307523441372802182553033041824907775216192392841990859594152445355948981011094207192509221600696783903256457682567407332361600627201850923092252691394410127474238874270592830359165183724951422828335155856279344125873529122845026332571578187361682753474296583060545680680182346677204743418584407898624867778066774138094169620952817921438345665709030668861955959339556440414239607471289919491531545988910108255094608610447013259869545003295456204213929006072798604661964764730564646148804742643295981792281414415078687054221071305842314016000187725180056814296303995955024511385764762904200392318142111952477537027716872272682325485727438023267374116294071190611319837166173061914621785944489337782133163627268059923057878818968265900905120138821471111
52,0.1508175284796555722168652212162988826664976873141130324839534002440395348333274334010947542847310068050205449569381898782758951461326941592265437934862400187106882818208549115186305465074272623501923774569145517725561780296830706041488391306039848148264563557374964272163818844079567742155506430947813682011076764695569724735468292619288379892323394086619181135677874214875318222371275415649509242925067209647820854212522067690967068487371728585976505098356747735690920606272583630636099004152361275215472290969107301771095367128051358968333048744588724341899438423327768151573991320742979157010669959461240103927075158153052930103829125401556379966005707173500390289533794045497779567815644469382525727198086915892716562599182733494530736154168085483076708614727033107965547735173510092100508502979645621714122913817078823428637475557497122902313000044933430185188129301528604915135308359163861440879247972722926998725583719855520035316378660585840872030015733135629939688480886326499726026942681176
53,0.1062104984623535559698313928047218079513337503997779625337620391051061829285145964448177818934527296389004474359670217606062153765789922223670273439900366993926484737122206854214209708700825745548720361842586843725922618290984513504065566063388804703236290396520954166269423426592072469300578573411115060948227478676035931319090635064066263878592457019604887521075353529513770990794648966542487194560333267447414101434555997380829916396022373318266574069859922074838343937064289213064759069604491876259352753615826112996687474605711220281891469032240268058454138506513039008946199347971242598344152471757495489108658142384472549854550060909475908019646564467530583818269243230538730846820062305597327685147462486989063297062747975164025470614756412019648002761273956913375872765174428693329115520764531892733225948062545717821104335603043026062210607229136694600345058286405546904080099851757323317059435608516901440279617125385165109505470474268991060047239568492575547717276648134130287916666601078
54,0.06046266347384688157978279468216057150957407619867543160980085059642888970844802320171597969657862927883997306471815264954882198467297009503514958163283646562878257920352004341080007309879829626400444130212869073239448737613394631709641715462796545682412021016731117629606756385656035446596201470619272465541674853850854316452553297771988858673640843979129903156122248285197751710843554337792528286734585970016923977555419654582725279286605547533241126146711872211341789851179208177990965584814998388346548233687940922922373676003456911955341506287827041495457119491483411650902887201032188907947158176823851173589403650118941664644326446318881131830413583956059481368749758893652435679388416206674605756320817977504950309424926017069735346109865026570300506687871607054753422804498779002140610100577622718309895567097160823577643216550965416439210252575373671818815800995920724320429489120479928748462968879347485506885829284904618469594778011382127064336400074819374306396636616095060192544202002536
55,0.01444728614924311251355721116760661988476323105216248430973348641342884018859269632300301063607353748389259871722438747415522080017118527738139414983426102764919092679127723046563046304883194491907981284872599350870222723365726962408107265377310407162780026467011735531128018896202412632910496894270532606662873558742415695719396604086891168042059715621079823263282034706616742722581698664520908543722824006185894087296819711077930460165478500758656211384009532334767410507502514693964625192247167504752304041559118521043729467659805227981008898212283195089893347482966679881210257632854643617317286333598697502345094496822373142911458605660403125583191313723416522290174229382246334474383914641787281303691247247208008236436510968271957513598126552345136967840039942339825424903485029778790245629991564209118667441685794205872529566579291470942563261352846208586286818780008052698238743728415958429489189279461848308957751182940175192423308529527537282233124383536393260427406628106111733086797418499
56,-0.03100437526151493054279929426932327224468962098552277615122077280940029487891865501007228059542384798407165463687171024228769502032469597705321197335780879586021499837773405422097594794754272059681187246887890543436521089259048908556044556409815450439765325795516438592933741475514581427547078973469667836997786169645201087067085802283952834686137101795238644904030354249250618653793011347880162785015921208401472663623177013990670352545726250551358547961216150264274701535528211311667756000314937247076905505023816311534291263171634912136300072187130996827890595516165229533330901007906421286289146482668840880168871537608584747056741212944537829223601832285847393274322705483996199467573790728044685235564424849462345732327762936230716384647297423275026096525509727332690027051144278025907259575583878330428407814373330047335573653331804216079903663264865517956130696231692036443167144491082868820029508350416221230238713938327406154663372363892640848086755748679684432228576514170643213399702497455
57,-0.07511470269556643020267938216754696850792944718069561491722459287376926450877333956519761442644893111077212013147714466120902117694653201690031251590865267867892581962487261366358968597998901091774384624637005342344260254482354169353175389105766899129287683706149093195644703569209968900495801247504431995032859127891891240557891573415238998161450867997319268982371817885729945292796357827644721234565988064690789600252942620830161144813826949197138687880013028777995465971917552452084345312300251788398990226139966036320867923932845665371966778681518080171189020295730522475102374391673319765511446328779600679126998316389726099533275399417031787819335417272390057806559646659883667911118662833001622796314481210235634794055334440018769400736708742774220929998233793548973803935496856254629242592016174889800474595512586681235893068449164817083030753007444310384538593502279983030457716347238157542012272542043513738392456619952970177157947059816102855978449286494082087605883171246566613221533875077
58,-0.1171694261618658965890670654094642739992525617659396872404141299564461956189965064630760008737244622678609893221846035787487896209206375730103886953826086897476773884431833942595447442880829684586986507131049738019593046419349288825116301108099906595986504089925102800872884384113112609114375587461610656422193325706722654242716807998537817609130317498906541214587339735803325000194108871590222313783819190510113918279852360305465793816672199874217884800917525371772112298747401611676815988938409104817415986195859652384697140219933130794198463198321714345389283395330795653037602281379469724051419882704742322846296776594378353042343355854660288871825746773722698574674837080411990986579002571489030931642549381978463206516595928960325651308773868188939135375594134494171865701261065113018999758071660125177301480119232877522007088902227497984329305235778132517824051679402537910709745564816252477668477747964199924229540276189614567896885758753715857311376105147557491982830724507555053005985723514
59,-0.1565254352276879839419724647759344340754811733621806449947290286147312093270295094056839739765762647228320643008091461827921418265066966354065586905369619092771674495112993583325252296708179950505067864479782010587730235739777344431611418164849850003128235744671986175703649285689885475159185100169849670742099031189946757574904722068169502598689860940486559674480929925694101988547419554307227207431191446168926014220267908383374532929047099662133394020378938579884598712162318351396973761110406708239086628595049435016336174689859971406264651095805322018173907731239580769436747341835817514406751147234380093410742980506567416535912406144437443047112562806304588125156527977973994585740272099344375861896809106612458477125494711987947678432963694946211157789477349131184548449498335370056853642417267121351257949828101882057366822299207353001705441354357396132835019533855432136706368317028880909591054881694827314033058027835051912686824662177926150566858005685610050201597316095699996474736432948
60,-0.1926167535552849034399632330733645175825146218757812427032265284851326193178114704758204146281042660581730869581097939737215691315578764361726832075964598766598798854030917336987472864693271379482763401464705711769936301309201976704138092967906463520098801276095221724692173950812214035517261369330120540310971324395284679891974425535504501128445247642365468498801611446991797660619051399740494899393920973463942474991338732186928550840731632792548088185843012591530467040150947839598512674394364239799744649811001897353842289007123698484691991676734114196109223199362559787738627528920629216349381038234617566242269364678443872028990098826977687268692722524905036381044248560943731548486515933413058778948551017392346185272153603431976877131200963008425127199971221038727277344440012199976462401316826215566460845878021371816181113101250754552096884515054382085381887598503187589991274551420817519155071481835030458772632849822481103185484172842100836425300907786601564946691175889114190944429052727
61,-0.2249587592290640881356924603647160010716866266125067282738269131365908485002558343074985461766874761247679766708955164898206522327302192494480075980222536170910744143884105990802977146896750303403730103393078111100467901847829451452457148627176797085642000138542744859358064212394632061516725546056122698242469132066186166107256520330661802942492427223846928514546517673727370491171163847711897630842607049926844854848271694416868100412212622219307654771777462232632461017842207207672181889519660758715150168223233796417719740974807303832576392384586465285945447869657907022334925622300433690123289438591660694170946638213429830349574876894607801465842179255907034069113412272701772306130583377850893471475697962136623501723422126107546959832234325643251570436523042242232793022342644947438758518245624894867210237961909044172126626790125399445070486238443968561897136717853386599943784379487954880707299752762524855913646890304829797066370836235680841590567681856648930844378723622159067620447644182
62,-0.2531507525657006393986568217261309122292318792306962103953236316946934473974953562337060861490566428656957233774928319251790944414202626746148911499246917549815871862225402795511731728630870691400104921364652921553080155573772137068505620346343144672940276436458166897346148756654839602233670533704993810106644892321973335349594443914112345002401871211694059683028658998842573268147094419946472937093046463060880343822862646055730107242021134038872588755168171359641963785928088082588659957795845063475224143302635603618990786604708797742066264171593029014881968144147556607625881397685395612866597873804369889485113848655699404981931273430588917023265964438733079632066727984710461240165382260638909967809250634189273385623485960899518380556924661047786432807380107583710271463144547409499424721703868355229766732786993543680845170471274237171301441381803981570050895743055140680704418494530010109319858216856309265102166399645449805609398507699756639550095190508523775826871654075281300033619877521
63,-0.2768769880308715209685795770067911277774632091211256021594105034233865852424374991415022987226730189779469070668823672437036074969339520347058735160838421167947650380875164685931272241946499157501297521251525704513538561533052682641942122350183944764044289992558135142709880391376713061316478767046660716860172705711446845788885821981728555521639707021770695758629676509291779599962342055797222080750732132128329867197494016778804937657991080051160736663343660161466522640458191672465373930420092394136325132375973324934225930135648223530102863959256742065345179078658837840648315948100986781076415732683474654881832153398001218033108500602021301904805785341851837493511789034866465250800178268134435567886568333126972106515239481474164566340636980635617782556360392402565722127693331619630565672381760834392445081142045058377030956784924295930904898167621708949979184057649642463664020028467746840504918003474695362000357561224386166308736874732660494057089005522931976034612765726365381138113015577
64,-0.2959062981289167399988382333454599160862305618394994471434427286653284774141393351422782220572848732919137455882051540846933061688156469980031550090829457211296937822969849598595331305961156879483701212995611011107215764875265521524513333348493108216786611305710320522634961838190796106018048141007260004494736448489968475662111931298573754071488831225099717274320839425682533026593564852715971674027036273052095337594435928322162896697805385031207495750089162260739658346629103148867992779559271916597466338301665561151813244390547217297543534625874823004623883919214335963144645021977256418828636191694414116836698107231860796223593763276993472930308956147392929802535649302443993179225052802573243024714450312813660345728758736391798084122406342407457739613069729139836466967363332769921679957074346230530824625911204439118947731487659130398469161907291945137252668116427829492770127475492897890882321887122877061103258899009520612523574066112977405617769026466444235988567098043426814395065159433
65,-0.3100904450234702365824953990736036474043056389492906260947445700010046715922128454331610046935598548734824212770736649114417278431481520849727374789730947204574744876371233980316938210437725146058934060051393297428571537937209462554667859049159159797690025963187698119443734926774034856093161860891430687635003265248974873142486686144412507196394294575683681270165663844502928200098252455024956324729442869145462949406895103867589765649348617857234958608575669523704904913526168246420294526718475263073090505085398446640640550050900884740907525211069936190919472009619528945861882186686548732633458856079117369887078460126247753269247040937320018664184248076735037155997055576636574629070697685673403551057065641846497068250858329904671115721034539499616193644090157171305562394617436475286443561124363447797370260362204376478389667633618673098863680637008916996456519064818231652308908231402386649855729989682273240818373156228583442450128007378012866144934446680572549851098023739557659226601400815
66,-0.3193613405253264038757563138199027214690113112703078383029244960133978223495244412433764572187767328723988076179733548936721169490339805481250120708501642694854785991442730205037961098021652603351831044878278983996140533559772291409294772859676344539523843035503483659945651833306405824256635041672940743945341747432102766522515055520701998801280064624354499125616389956303273019457440965556153990955609321826121007261485275179486079531181368097152384778167295320205452215568335869063920572758319842737370510174144493763869857897447665029964371617533760750287559189418286747843072088495904060886186345911338492286891255247594790461644253164348889179907122733257793835072727580362047653478216166216388864105746410714495400003670682153641963269364816340384122710336182396672011491237122905186794935399011261047795957013004248476652337055645212529572469073290648115423091679675169663183330063261695478392332969631947156586010331425712237946732222148456685358886232547811456687664874444238678239075990474
67,-0.3237272772805082044351512997816316194809749390601112437870580873686896152992713200826427767627399748881612358400838949523815731287269760409597152199999616719685053567611029020359596164924899761232120148664789078465743715313942058767445243585563775112979187568896593540739396072079989079100405114656623176371267091859779456023400985719424453235924553558502551055976562096937892199431306648086047901104435837573842064144193723409421462168043758361889664515702817816456656241228257170935792191651923162365804985184339935799232014016472140165005975963937919857272726274154103586394049124778315219151765868045894545810783094393285979480100547997476599103157907876500243790056632426116065145379977413225652174510331251529023676058625078665260380805490688805313961451558592582903558191023125613667935170723305953786307897638971223154393886978005009393709895457190701932383848409539091141609128732507257973989698099587865533960309484135932958317316490099215422415034465901392895411929759101920895800034504718
68,-0.3232683138292827990387441344824287451768659408668276691348506246250993287159444018789398448904281695965130219436327521432808671127079131288856769225446155586507742891664925955744742537242438876184285586974074185098062383875933711035513424395106335014575200747844266606510594129811608034915584376057359938079586665165581790443047402448762394322472438926582211765949429322314092094413919796342177961087773201066834251600035963232895714734245764088000077425984835308109215262963352318795786401566915798435500644603439269337026608809974606251517468835189989567724689044788598065754658129280421577749443252089561619932694419810462798373578065730154245658373271063570007072319352900224934363204066032878519668960284973338499717523673894659571757189533964780975509013475399787236059230650170552705706650076312401722984252408100871393427562828300617930526037696368832870677772710882380081505001998785867227387253476168140030285570274539592595177784570431592186537782953677695299810662369586667773458625961514
69,-0.3181309539957667067779552739776718727441662623449420061568077537382987661596809984045813055830711996047943035827297019525253761532585770252636438624068162649658976676360579081113513707972152223148966227815484519386462486460564126154254335564001809482603515174229737648045824184825209208256404744161602544718516292986291601313959126146533663881353363073000106208155306742651302250419771597575144136707761136087944896460865475475842866325078961555934975983567333193968125382021658372936131617112605413715265922804820652108519447029513636507043034725189275810376990194909714392287509639090027531472524684884921031821930299644630347451591009789457516964116335203529049045095376658763748456665427773509193146549220743044381907409176004702377580913090614079004635465603914136618291280852908020848645113060777996766042337507995294710251655509341208692453162835031790420435875316396311499351587217744701459324159449085394026225166846610741330124654786260143313694436782882200636032447226737046322840154630620
70,-0.3085222571027898914526354647090162145927313469112983954190682416679053721233687721455052981860611691900316482900862710223160296910405374799038735050937453002627207454469714603532537951863267490540594770533224927193793123487406047826238171779570179894194232034892134279729896322126827376145836182090618792052339550509758534867944123417957720105373797401997743498213167246374390800619543064539423022151638370093211890731385059322807303374256271037814590619133404921543792136778822078118241449334605100009387898134684862953154966888351914380246192034971582595128872897244675994265784561058210149692811744570562151658149519771957926579181040222349919866004265067152546860473237554198240227982121092509297100936182848282403181619039855963109355998980873900218993890336250936200515854897707696291703810673168683354684702284919864912403237501947773747889141002641965856334063951597239446952484259036342324243050201688324478990981084129291635570503216344570234553217889056895886936314482689033088332803201162
71,-0.2947035100660128919565083926876794218435316930061385201083522686172653305083656086204232444399095734404060494340985747386967299439095050058885523992203831477347615158880556462205765545109954831764163829965740471127868496281652927674303388164221105935280935530828410757732081579718185747640404695794006376859597134680644828021620259834601751310670369312248966974351717500096106402216225594440269486361775947702725661269483451012451011685075361075754850251112160076596649611373507110296120981816370916073882973838287819237258226370469203630161330339898200797065533689726403263902593856504894278224181919689214493022617067506337822527802464026295247799330333030342579257881364668651989295083338152192367237642537278118728336732721964868575763041422244514089220592321142838095659577830641070724413740563227547831449221046888879690406160065053573468067018900248590006426164522195376304489249169337448214666702349301237256661629190357027265790769228873659167307604643186075769701587629646075912222277193565
72,-0.2769835857649409495095426912126434259124663163356872747310024581281999376587324111356836741563446724450751665423037829209791325551565493022638808587172012591622633656856795566422340455879466587251792154823280237074972426449845643529002373930137698198918088484726288801904624242346911561924765248254374601088148403311926522270083946303311813314356289261076576694233458479459241142648839955947489340147303615238458328588032094886787848884840361514893788912492430297876597265329745029384083840488440388636456132187142292528009242993522791590075406580313363179571608447733017609462466997063362039995058315713313128353930662251263305719806889388153901069702839868622436493410471063895936440487547500599389633038490434233455526681870683860513806610476620473404454970774006479713153254919635911196608063919212989915044104533734868156347845369434937449519273231218336182122178077615825479220097217421351964741877351123675728299884556354418966899770863049932154227797072352543768404821043594742086999085252898
73,-0.2557121044575146371028156611110648624474091459711917001844245291783244825514403203132599380663033362244053208607759912251346648216583388918085352179645122559241519933533952003917834334229129324345729788178343016679308187349298107885294491755012450867177772377821096067363781056962272480644617228102212101682224333971383446429252459720350342779438891275521937285154717274454946076463900148722452903604984278900571941168134427271246265727282000831374745004367595032592756632720421538219004963555571369949727519432763933410284091676623278460263599494417175896843742339907582202213814930257147201741743825275255438155309404160624558926718009068505533047745547436944728061419857219973583810742554700389885836264108746644782953389498589114747030314057969084326268947182666421038446289104402933152791395668688864437013796403860570915134879568695530178492465540788245613190545172309750343622850124881896047490791361809866060212959923415484494474405750688859865241852659032449962079176999220895819833761025519
74,-0.2312725066210330770650604062661148625096174894498488806967946191442807973435516317950140911387449459496309417308799806167322214518336402586322005288711229384605535856019066435448283236733132709258050294215386799036567678677821510454538141882861700784958571726714337071568573846286043758832516921356130013056350261054747933148036905932829563160136067704967739796669543960404020591221136553098802731021277578474000613832720046687384349021484131497209002432780019770453390108217704830201846004371044211381066489020569553018335170895403173907067308727324759038249445472189144811249417419350244088306153262744803183795111279231202220077769275657656392525439765072763411256058577925023511840713811063691457957875001017717514293879597757958588628963346894483150135857056308438548013116217694685445339933804405756000078306000013486191841887906226986111418824636164125922039197236368490407917148937310785533885114759354217792232440218983623670399729278350385041441639215364891883378485212213981315470212265804
75,-0.2040751366674241634669410827355493310708681551561259803930425129887672839738541040330780009550374015991918084329708504082187143742488224037831209619140305060503291088124125122085682377380640946248099189582398173641909474406260314183464701450568138026702846127932810368096388413801684169860144393081913952104736505629604254268597067450037999760288800879288028410741912371068387171231994651375483857658403266340130229344008257222142133218143778667536016396376545248203169935932121613888891217917363492108240052493596836991367766779327295095819404387429244283926413289744431321347886309664096428538955197544826250375780978911089482812436268350183155309758862939134333191354667981672460672409266527966456345092748044939709025911434301111731157911134008950214349396704217783310145544086573285234716625647587678928967578054884182782301577627174996150420581281786139481142677976421534065915295113076479353342378981473255263928561574357739341707385435265084748072873428074702687282089512870972586958576615414
76,-0.1745504276781071544758109465838655917422225205878977764039050067433425367804176739517847803664439380744269820411793291444459282532868465943428040081811888884606295710752484021766198866475147220300804031200075212086103227106610971624070323373297278225441237364294029932194937152615780836402406445533912392585318503491243988870878844375572141145172566500271365485014092876709954359779131002946215445028482520598282741633516251075888076396187591287364832592078688216400937266756452366028884636312844841613895015756536961478026673680840213438721875046908285720003336619045774175769429473662449442866865591129785510154392117030569156789904533923726892855997987637011764927615879643080338326419133544975119801622199084370299761128227806840335875189724792845998581845084335981650274314429722254957986826471154212359727154713573894117856513830384545581666780849415940500242919785994649069651422324515302473157542635123973094366463417498541131264843676493208343458000961300506734722724158086806439256847245681
77,-0.1431422677967279358030615791278678023822317316557777597860042862057370390728646043397059551054108579970691406409541999861189454812557166188647924173775895141063725004375896909479874896406411241180086679664274948575358057991286802713186647305168932470618854203244142359977986074658060911997335140869210692376732962374274843947535158686806200938756899236563083045529308792970332956789562583679064603406372660897260770105842111878599811527812814246061263738588872338045474667742071649101749768283542734092023355915328032900209144470894000200044808749161517712494802026940011614214466499509363464244194478419748084609198018070178066731432893010293089747662604382488038265644921287546810578085766788451526332721109213102177632756124931886227078280415374446434985536406474255574943304451145624360721221745438658182818072523273169018951561072118847025732292359681511110001042613807143760746152788733942143713320492816578055651061815695974830941492801906769186390620332259735317459938559103904703353104760616
78,-0.1103016193523314258850517987017178333681096485861749515890253148262324190401152330003498589489370371771508979684120314582048862642345278402664374826435543687296524114691626338255172068307705066391941516229391676281733236454475933368940112631437502270722157310884072034071790958281105846725696351124964005089068608164263318267471069498065385594747113614228457008531133366804676790289737828970735380222926098616799839622037614057192167856111908522645416745546504453796550375538874381762119837430468310844893340996245782472104543270422815333657899599473534965178751185669707398138227839133761107600734604610868214717029509890430733382282261685361090656771743934016051198498655714936189460140189775108343980950531914374644536379098697227860354686861007892424320135065425189377822393261382211792129262955367679595576823790242027972353703079060159386851678179306734518223791525701437958868564236889087175624622730630860157744177390638364831507652928252120669972941758305900260451035614478426006328217286834
79,-0.07648045228884713222062376487967460024824088747205857195670398466892111800727262290579131009888773260587527991237783934889474062889418287101405618654357594204466735639313132889667924143835685258872926014933120950768665362478212024547607478569756154623339988942388877624926136160572627968786897441480500099811333140307802509090853729636369174627533111818698584275895027768334634007039648074995908892288532130915751254782554818530530745111906103587329929201939576256293017025339596825943571229498319396534878409369462721447088035627370528664194589251047224429530459096601702303903184296599542098059168228171530493207488371320671544630919894697907486346672014161067974967783092544480295024199974103504127477979298736768948394957171149420316863959230129670413299902595106026341103240707122321447583509480144642867110741071196098760627331228875290676169998976796546615548120776261659271556468789044317998455968042876088135102386242442895810349040285899092149026649161957099477023588385889859509577167785681
80,-0.04212604416004580307424328441941097503926747477846791492032787133021469426224963765109235173322794768416716608313935164908978755613441492798965395431305254641768627255063627366824326009536890855653606406727671074485998380906518906463241157939823070457715174716237821972770183204105020001937870979564968146872830446485809687563159304738433437141250148901423690985647737845264718859792143887030908182568455734717710311927924327783025564016909457923853119811558931624937773666599319211337619783633306238563063116166761772945966505568631492691912555226017110467182488757300001493593789074338204706109603030106449103754123123190322808496029457885426515299056256619700744976197382590353711753910574825225754957122612350669058283296813384980004803786727053161376105973854260656917682766940417243411700959539029833656222578686972268825246161271309625140275425958519176198247597216815077217496954019082792187657387419700530009103461096270866514301281898161015378344832231594506395167610369158015718923769065409
81,-0.007675689907401949558383016255947999832389197120866427539705439991613106683680644342116931721054975567860792349531717480775145168765083441940989355143238667447610062921620956483760275310993545209227523936021937760032902709479760872877776170961876407823114671507029790820881286396418884297173773013821592038857558051000660405288542023116026663258935170213815285880498251083405468765872984682132419484922265071799203645168334192943411189352225306275321584406699130800815114151694237992411539138452277339172818004583316784640444202566839078712400209392464163010711293017267167242315001008166590757136176118927088536303781482073817998628533541461190560508054311884775456638139976654095096134530128858739579617441244094510302929742771560885854257918261497800878143655441138641918639932579873238279687996028790364892191765953071001381382630259199601030922004348067217589600727480182668280863597522185346931938832558271327240538626667642836723491590226399393655931015320809020378386492369641204229830865597615
82,0.02644814404834871000677630981108186591870262833506755911114971096470813356690190568677484819000680146858648892817255184988657652081639136064294749714820234308926534004023101483851877399199911303883612575382755674644302987315315918084177558823698425613908188702455865469464731706225862128570151542937227181307400313891949830816360035479676542239591613457945260226504818267259434556536845158523882526003710004255944344078473861277339139242239221099657232162777409056667741679720709763918052054041108688158639765064121606066440132554589729669561385135969103744734861493433805020190169496208485499137460881853701745316618450839271901346294423378637325109671669922712170067489272780759879203504493577215914167370529830160083091283036401183287196688403110264600471422732300819649394356272925003124595514475548934328055149575670775030079761619232269508065524782943467647640531577842219859356865801052482279302918214045700359032373131489344301680976488821610590485962958073766925350186140409899569628856449598
83,0.05984219513658010005902074869885737345690536398629068376487227322318564642209307673114052414804365587244300189014336550367422232834487982391089779101265969876317519188157596223114965674926897886175640465519901449083560146234287346065094990951493112588319075344101279779800512629779231811112407129578823041602959367427532380448784221785763512843569795215136241221287660900174362784966278077004850289650253184177449907460844019658067356486933491226523169479884674191086669536362519913498013949374102398063060591663845072637925592771093929051201793726712519889449998646563069815640612116206718868277834081918183279874896796272842161560798318964798601375327701503372947415674560778412047923829927750663547907370904743629374831256731284256904881588287401992309374594008610497424500263565236880317194047487061520745988156761749268870607451490114806358750680723576866005394857157874963094429005916319601670452735109413490870526818460709924416967604626785773070100388563310020998315659812750378362695730734326
84,0.09212629091261135332422631630583963241183300321325769165170680172592907404779276863532160248577002801110547300863662940558732208663678056947433798862857994664616736463098137498540219975050862034319243732375415708957069480091910455307369418042629611472697462438297328684301337677697689571111154826741604391161631296904030228532622593709804644358886691532180469570641092776742989929902904912206224981233739264526348858095080675919286102615775049908705903144646797190678149804992373752803238037032011630491678068046145104218822826166317198332451223718438603462329836563981711580006637417916798044115609576244775947594684961448002750087500997711067498145257736261604751850004374385872975969820179044062239008712097756418920540620540141528968726410931554509065679220460099696923420383109244605634676002159305367792922102472258384583621627773366422456942552894398237406445025800551662206530894293115450572773950195200551841759105887669427097346444279455293459837256857015962272813500943601680284860632413652
85,0.1229467350805409288648503323373769279389163995879867618969114322259822369479219610037438257549846777950647918432813063274121815879295203583902749134651531334170517781170881196485999810723159293325740174041644843978551318084424493437847156460278062670581613365564051432305154904649125148015566837656433414377065260018781598159744377780285935498156589858041028970917105965739030393278259607979103967666643445846495077568544301062544008581820935437217229990576881524685469324922667197337777433498768649982711559684693401655501747062552234446530417543122157307008956066397211389326239609939597278207158054032935251395783226630994965227756598614607361379853850312548553797510672695811821102738913115702021328522913440721777841174923901057984395274847481635492996050753615843881737179085733171529389727498647216525350480055708788264608714753830488516036813771151114282152466274389626295017827934438293124597639863062305266225031809916270707445792765057040427487325309012517527028414981475353535753117261174
86,0.1519791887920929404007595303646245231931393332189633224660449457175931277567947446120245833378714284211284814839966113509900987509754896804770698401819388048369136777473437612384047651569822704344909975138239418025798063878731686213039262149824639028848207458376295926457150738720010625676762167142907478130549164878007148193363397396689180902745155788877220159365799134573485493641040018635985606544681419132909277823771458550215692868319431396545685135681070733439133859237421472658077213721146181835833739162856335995061662537443996163771343961907425729787429308066062648318654832993473882793420788226958106775910771569315357127614689348129973259772834824530392498276478790791735950257484974358309235753982023176062888423982232289082709560827368194264547154118649372512165664978442558280250089028092223058950508586701136465380205489274051823747053970852376860594611015599387690668815667011959317593258140248688425619802414425301045794651089352638119351495572645259305533904521281346728566435522987
87,0.1789310489116490329488909269161034734077374132079865510462683619769143172028437635281179232090253264144658243301749977955499927425959249910401421833711529305526747086721097545198393245377216160015067365013743946187147742895187857390665490048114074980366355556347292829567662129425483504449015456438239225310653379280482897097936642104895961637134483539027050297839613081529688403268144332404443483981078939632894472583837712405267982015107376466726161656868187988834260480982610509495866913553368268704025390840547784468706387460469829629506382215397375828973191026174742483089103733564047608214399803772463939602520634708697407084628265368070371517396511068276458426639500002027149064468286064819027060881774161887470373194040097272822621273855447227139131610845939419520265482470334106582476997102852893620222370024386663003322366383054194267877325272041528640886907989489503694523024050165101079432682435625473061048888271590258609613124247974118158213186918619633255487217117856450956766210032711
88,0.2035433305194868854345561607009053506266271353197710321307361898471873758915190008255270441815408241304417675493493685101086380213275380254486325433039992488108398789196385233944412261466602688234256291765507014412719042117193528243652039333376198307658543385519218258443194275584013697048299782713871302348817166482015934116117729008408393026392858888163506794991683539525824366157802638830027482310459682176824216578632330280089358989601056519441790016941040411908598612924074551488955970051663192440714576125986514386188031560955939650977313418104515406248055554007474336974784990564909727571340423643901934106072196736169463211623184099510647391213139728931359305513856199475487608466824801242475057759457592637526973214505939958192504202941668007059014748623533677135997512462654908806468633527867955497613615195457732841931975830506673794825692066716695416393077634250305838168400246575990081712196427240868404472542604564815989642601981520648217562663738859984396287796422222105694227728183252
89,0.2255920659236469318761739630869914162966908253255829793588534107768148117197426174698694666691792845223006578385403264243901228135416325086227732076948585382255330823225923788727617442976708438740485159882244576091792697054489095736002199982473846110962520751604726342517392417003863621224577545967149408832071055327554038874362874160101489309857400144746031120321914064965533808496365878454986632542763566016026387982714285816091514211689177734268009181766545724477510489305251642993482722880857463186646415777589005603628443350639330013207253108218265601685583901145372413435067750402111489097626200329774311434234727766297232604476326394648103902501344025658324676698457201452771926033168441737092458517622584922554544322219290703747079411443305766900483303407856834361260671191436658097533750065771972235959861935444209391996174207420286430518170559578470481877907421943567442692273336885902914508657492801698986683880118016459062147674325010243689531105271919432890604236673480032786389368182666
90,0.2448892368686091230031496347455988432782350207166016496248931802430373336863221648462762014995197699706688864818676034015752564101362189141102814957292098517775571047730401650805146817548071809366194983243437891795634503636320389192481778846776255092996870360827009599629461774441227839340845805784644987367376889237835564258912374652774645753396142052424904829589342983845184992492318794545724162966455589301281575393609616448181517551179773405215403587185472692190351006067690637448031592646606714666660719257756035745279201194319134593487890656128326732710633223302345262229846615681098658950312955048806169998370622587575835308470252371010165298080775563247675714017690890058611174226184170206913083061612159683053425258488945433198302901945555265333707948656711325013340231809993758417614434752524033541258263023481456098259701777841300187697197396302020596836484573974197613358189244671417794557283907714057018129715213340678777601049483294285393038440729368004925088224958907538102122666876608
91,0.2612832604749606403484755777624018057514299939525915251668567634487185385578148802202358710954661866781685753985443871877850011055579393270747371487771484052710143016496034683070778651546694134057927830707877018406075471644325839982489254879088788645635272497850948979194920899660145990891651273672446713530125770146489429317709546847146177996968566553948791961506697486211376438285103889640456619836409726733937457718741156453015789891871793591809360652026329333970189418183644690892661995792439966518689582927616219009051607839779170611419423498499504480617708011992732197716662563586898072442527185484674973303577874360405488144195341222675828598125479550278378105717837495382423494700307592097868502027518198900216566566244769391631399728794532183945317950016493663844920673830434915235083085159723610287803294176227288487990007047731958846580881109585729275401709399345434072111752348583779568291559659740410488591203601976273234888991403758785040539778646302109080895595516375317666011382567281
92,0.2746590527326022429362601999011699337874007827626185593967679515820693114355107739029542848143320316097370875291861582460165420422733590906909407061530751439952924604987084370604492980267649975502381757757399665179380391395240733264100027314538264348292439041017552615730375894173856923502864820456332695783169491804543910741979472095414256868361197674434932581539007945223463885337911930553284847611729474338695586347743645409395170251775076672116325132988194823839701440839820497116234872862857205127558463482286441378554188240834432644249315511078609595606035161545259142625179832019950774131102922269233518167385287805699976404051729747446475681885725020599199187663440795263776730226882850793293226200017452920451667571022326031042056375690862264485656995383055611343060886330757853878067477571630543697018452227571239129049439357648458619535602161751291889249902330969750199008083762795096327438598070334516524715162729844347391175010135916509854475452252766254397173586007823063564357712903083
93,0.2849376961193810084753991787921967923413998342439074689640266758475123414711291765363643899468194047505388727817652633977507917641609425225404007768243889592494677094623530466115215832547868119990418096798245727953194071241358254217262296526869592308466276491881100808693080018916733793145109782646237832035823824070527441712848866189449192344702712356266007898328616055802910995483292874998735515436650843212878943847963917867217835013703323626053146714875328482379006867114318923734003365525389772298401243563441000697002394785525289357970828948134513477147111103451573333904302507975014191133445555192998599987846543173026782248167170763913712843434723496393998546279914588745719966121700495408194101443779968156378308698640744147114511807290555868197759524182417370036457000994187450665986796112746751545951528447959112460752862294795442710850642319143554992312094238265097870787163400909569935116973723069175006421496891500460025445318880245479456922834183324696490726290730461445920094330777031
94,0.2920757401497112657803409432397851014177882592813113106745695979840941441502928176892449791742077696159008637999364497351288176404522650399814580725223442343493488844001891704587364869032042793579747473755697197208635328203566458413292389507932825372165219113566514437808382184684508421693872247550652085647111367439314047442402108578340679652735245899393922755382923909293184083228368778811801223865172507703157383248735422342859217863124851744032628208499031692610670673246383123220370029909327420964252065946248798738690488550107463666674338742794774620829802076790250423851686618143587420815194696753819387320985375151626422261513647825270514366632831312910193671865575739863539125399321138533487583318526073994514471636618107345493488864008438307315076286460696372041237656980408355459715624072438885358768811001662443390408877942240911623419239045934373222019240548267249313390006410949319675318803105848473557403066893016609120782482649844933643845001048841828599339857203598766272896570858858
95,0.2960641653991989807370165739222431640679221929048339402547429146457214631786200750648400361026319646446179826621275556927962451639357603199759625748706121461918697429239408175237834811773941493830454989126694469974981042164029666160803298462796099926012960032775591982008698199394890597082185926008170904108310501220646962085934768325471828361180750185232134058622103007385736569173724212281447280374813180907189129779512117062516383862940628495043561178942495588075573063806042614046665781721757016265575489504540211551111439342956062838794923816008140651201835228548623013653817352224664222596976008437643962289343952318328945829861597256241765196253771349116637336425434397392080829048763447115004422401764051623885891052757623485515913647876570001733104700857512475371849699145927899619197668326529640022411503096888239853537894709794944951398490133012294699602951207129722853298187848136552895357257409800111349349009137748202866476281720292341643074881936313076911027598164349390977007236476769
96,0.2969270428294295426135495774734022556064097085436861888991358538978972323922916310608472274786493246767378608834403422582713427635919716874707747118311833907631990326826123347493634913322966858726150395075840787087771269081529406471769267757058755995695485317068162551977670316041676181090598566919172121292743909637375919680202142363513362725150980986996695931008560416879556877461589232774519447958574126464228992182056636659442575385019359358074759835329855738920262168382726041280534850893205501029743716051760461609745594405223363448301805671625449320307473918012131065919948627073389555374811931370203239994601461469562391591978197242554547108938516475059298907225029585598532714649266112408015831677866591448535880151512794421105647406414027720149558811970429322674311098172786532905985132241238932241407797325529515105034964482793259755634223082380943092007634138221444347443802938601663343360339716733501754406462305578965397459975782502877250197421544369905168312054342546890517772927500538
97,0.2947199210817254642376075028696689621227848816651926804554511767258454448883759377057528269077113580623746696294463955369036935553796450853267663658145200514651001954058066988617997540491868592450486565962873835085091789854709258671573018112647995446147309461140519378421419314825694118036134803625738561791845593125712043488134779119064640418099343625990523186865172281771589792081934106326688609196537803237544433403316608253725789928674398569341979538194357993994178579423745453375080168311410130270263365871156168249118102565763956180924061882632007907048028972347024281916120315304361126419115402196548471125633620408210313257660830247126428722431269213362765009179010085415242490968843326384521805480216872187895293278615718291162439091086006207240590109443311673379073811661504494376352260113103397404111265868045318291000776170680321213891915247917121469109097305711999183428702379282580247122562002804346879469442118013751351861776341159666333017693511680066070693453711252179851749571046899
98,0.2895279748510211676385872096101608148775359725949981600524627597624284159825779969593251770884389690862970755348866075010917989966860193149870155910244091946959095075358479909030703431256068588152630668106540486316265246233726977086974964708357263111939958772506622366040013534899408870747164192981975359410427406444517063548148360610589225069098239874525326458612378185983381658674704704573971466654557587357687835087591104543437484018530157803256044146762341266934747082398797877046466041997679915025979107367178896573301931025015726985857069949825928060178496434572918339770329840233951751570935006971639684886699802006584171301676693218517715332496225809302289977345919252729585407418130534847139740718459324836160270626068451935084340665801270564797625270110926738123797376934403859358487557495325333356949277936983967176181214513071797134678693052091531480432901692863752447786932413637339016692082408376465555506580890341919578648642441655063013635537259816857310084293354651780724647375645756
99,0.2814639475231419531502783616400400144238801234891995624812978342858900599345903586753935118422053015232475674863841243191659660093258037108629490100097094658264489325985570679651051652100871931492605328126467671511605988444939193527605427351500202184018137295146738228874177373609758738372757283526715064533766702391975395894948185111183367197671912525857502157325648897364919247234470501782655795586187701058863244481240695774228479339614342117602733919417897019270514417844821509801509977141687581602081769581755143837915196257153684681792198441090354797012913756427107221890958159454819726452827797486662909772536024174604917938160308147586688791626220966805028935962193789538434098373807463074305578219765395893673477791970466532753653935056771943340976992083809057385000528649653696822030704828279115074334893137175922969832747271064654135713294382970325921132900968096157169598241615184096798521586623908699542336207342845137423562422597280253030675064028075328867157202361707428248075006419826
100,0.2706659209933101112753498185332200218305220316395669552610315797212581868477366931875472281300119176205960788435028247258677316917459322256714936047050596395874184740846534835768685874216218522084254188264930908139877263349589895868553531094696709843535352659608985550791257800196907519938366870330740221960534938356039390959330529515659734232983129325417781077478530412658992267436293936001426723272639636612438267336141384134969279914091541167629929455152718243890218935757936691130988373162838295696402587478368077191503176874398725953950053663031233718508857767498483142971470613888930824321373382121669273311788523879199407928897483845889105628248653963064690215632683643083809961436189547388456701563860752281674818108293756319118737532269150588665485426916124462879741643561254498942718113639620567823803303253994199975849437228766936025380416756710629158214571240895276272495455308563546034547579931046524193874175457394871715791440725376388617237444888370462419987810255075445013787632539903
